"id" ;"nom"                          ;"contact"          ;"email"
"1"  ;"Corkery, Mueller and Goodwin" ;"Kimberly Kuhn"    ;"Kevin_Mante@gmail.com"
"2"  ;"Abernathy, O'Hara and Sawayn" ;"Edmund Homenick"  ;"Darrel96@hotmail.com"
"3"  ;"Marks, Kulas and Sanford"     ;"Cory Gislason"    ;"Joann_Fritsch1@hotmail.com"
"4"  ;"Lakin, Goldner and Kilback"   ;"Luther Haag"      ;"Travis7@gmail.com"
"5"  ;"Hyatt - McGlynn"              ;"Julian Rodriguez" ;"Alvin.Champlin77@hotmail.com"
"6"  ;"Powlowski - Grant"            ;"Walter Koss"      ;"Nora_Hartmann@gmail.com"
"7"  ;"Nikolaus - Williamson"        ;"Nellie Rice"      ;"Gabriel_Fadel@yahoo.com"
"8"  ;"Hirthe Inc"                   ;"Sheri Herzog"     ;"Faith_Pouros@yahoo.com"
"9"  ;"Spencer LLC"                  ;"Suzanne Wisozk"   ;"Courtney_Boehm11@yahoo.com"
"10" ;"Mraz, Padberg and McDermott"  ;"Daryl Hammes"     ;"Leo_Boehm64@gmail.com"